review,rating,title,polarity,subjectivity,sentiment,feature,similarity score
"Fantastic app, it changed my way to workout in the swimming pool. It‚Äôs less expensive than others with plenty of workouts for all kinds of swimmers. Helpful and friendly customer service too.
I would just improve the Apple Watch layout when working out because the top section gets covered by the watch time and water lock sign, so you miss out some info the app displays. 
I also find the pace at which the beginner repetitions are set to be too fast, sometimes I have to pause the workout to be able to catch up. I think it would be great if it could be possible to set our own pace or just have more seconds since it‚Äôs for beginners.
However, still a great app and still 5 stars.",5,"Amazing app, some improvements needed",0.3340277777777778,0.6576388888888889,positive,personal AI coach,0.32577386
"Fantastic app, it changed my way to workout in the swimming pool. It‚Äôs less expensive than others with plenty of workouts for all kinds of swimmers. Helpful and friendly customer service too.
I would just improve the Apple Watch layout when working out because the top section gets covered by the watch time and water lock sign, so you miss out some info the app displays. 
I also find the pace at which the beginner repetitions are set to be too fast, sometimes I have to pause the workout to be able to catch up. I think it would be great if it could be possible to set our own pace or just have more seconds since it‚Äôs for beginners.
However, still a great app and still 5 stars.",5,"Amazing app, some improvements needed",0.3340277777777778,0.6576388888888889,positive,guided workouts,0.44118458
"Fantastic app, it changed my way to workout in the swimming pool. It‚Äôs less expensive than others with plenty of workouts for all kinds of swimmers. Helpful and friendly customer service too.
I would just improve the Apple Watch layout when working out because the top section gets covered by the watch time and water lock sign, so you miss out some info the app displays. 
I also find the pace at which the beginner repetitions are set to be too fast, sometimes I have to pause the workout to be able to catch up. I think it would be great if it could be possible to set our own pace or just have more seconds since it‚Äôs for beginners.
However, still a great app and still 5 stars.",5,"Amazing app, some improvements needed",0.3340277777777778,0.6576388888888889,positive,1000+ swim workouts,0.27756977
"Fantastic app, it changed my way to workout in the swimming pool. It‚Äôs less expensive than others with plenty of workouts for all kinds of swimmers. Helpful and friendly customer service too.
I would just improve the Apple Watch layout when working out because the top section gets covered by the watch time and water lock sign, so you miss out some info the app displays. 
I also find the pace at which the beginner repetitions are set to be too fast, sometimes I have to pause the workout to be able to catch up. I think it would be great if it could be possible to set our own pace or just have more seconds since it‚Äôs for beginners.
However, still a great app and still 5 stars.",5,"Amazing app, some improvements needed",0.3340277777777778,0.6576388888888889,positive,technique video library,0.9396312
"Fantastic app, it changed my way to workout in the swimming pool. It‚Äôs less expensive than others with plenty of workouts for all kinds of swimmers. Helpful and friendly customer service too.
I would just improve the Apple Watch layout when working out because the top section gets covered by the watch time and water lock sign, so you miss out some info the app displays. 
I also find the pace at which the beginner repetitions are set to be too fast, sometimes I have to pause the workout to be able to catch up. I think it would be great if it could be possible to set our own pace or just have more seconds since it‚Äôs for beginners.
However, still a great app and still 5 stars.",5,"Amazing app, some improvements needed",0.3340277777777778,0.6576388888888889,positive,apple health,0.8572936
"Fantastic app, it changed my way to workout in the swimming pool. It‚Äôs less expensive than others with plenty of workouts for all kinds of swimmers. Helpful and friendly customer service too.
I would just improve the Apple Watch layout when working out because the top section gets covered by the watch time and water lock sign, so you miss out some info the app displays. 
I also find the pace at which the beginner repetitions are set to be too fast, sometimes I have to pause the workout to be able to catch up. I think it would be great if it could be possible to set our own pace or just have more seconds since it‚Äôs for beginners.
However, still a great app and still 5 stars.",5,"Amazing app, some improvements needed",0.3340277777777778,0.6576388888888889,positive,nutrition,0.9459715
"Fantastic app, it changed my way to workout in the swimming pool. It‚Äôs less expensive than others with plenty of workouts for all kinds of swimmers. Helpful and friendly customer service too.
I would just improve the Apple Watch layout when working out because the top section gets covered by the watch time and water lock sign, so you miss out some info the app displays. 
I also find the pace at which the beginner repetitions are set to be too fast, sometimes I have to pause the workout to be able to catch up. I think it would be great if it could be possible to set our own pace or just have more seconds since it‚Äôs for beginners.
However, still a great app and still 5 stars.",5,"Amazing app, some improvements needed",0.3340277777777778,0.6576388888888889,positive,track your swims,0.58821166
"Fantastic app, it changed my way to workout in the swimming pool. It‚Äôs less expensive than others with plenty of workouts for all kinds of swimmers. Helpful and friendly customer service too.
I would just improve the Apple Watch layout when working out because the top section gets covered by the watch time and water lock sign, so you miss out some info the app displays. 
I also find the pace at which the beginner repetitions are set to be too fast, sometimes I have to pause the workout to be able to catch up. I think it would be great if it could be possible to set our own pace or just have more seconds since it‚Äôs for beginners.
However, still a great app and still 5 stars.",5,"Amazing app, some improvements needed",0.3340277777777778,0.6576388888888889,positive,training statistics overview,0.94745743
"Finally a swim app that looks great and provides superb workouts. The recent addition of the swims and sprints feature has been very well received, and keeps you motivated to archive a goal distance. It would be fun to have additional functions like ‚Äúcreate your own workout‚Äù or ‚Äòrandom workout‚Äô. 

Overall, I am extremely impressed with the app and the integration with apple watch, functionally it is great. Having some extra metrics would be cool and badges on the profile, but this isn‚Äôt a priority. Thumbs up from me and 5 stars.",5,A brilliant app,0.35,0.5769230769230769,positive,personal AI coach,0.94544774
"Finally a swim app that looks great and provides superb workouts. The recent addition of the swims and sprints feature has been very well received, and keeps you motivated to archive a goal distance. It would be fun to have additional functions like ‚Äúcreate your own workout‚Äù or ‚Äòrandom workout‚Äô. 

Overall, I am extremely impressed with the app and the integration with apple watch, functionally it is great. Having some extra metrics would be cool and badges on the profile, but this isn‚Äôt a priority. Thumbs up from me and 5 stars.",5,A brilliant app,0.35,0.5769230769230769,positive,guided workouts,0.8974164
"Finally a swim app that looks great and provides superb workouts. The recent addition of the swims and sprints feature has been very well received, and keeps you motivated to archive a goal distance. It would be fun to have additional functions like ‚Äúcreate your own workout‚Äù or ‚Äòrandom workout‚Äô. 

Overall, I am extremely impressed with the app and the integration with apple watch, functionally it is great. Having some extra metrics would be cool and badges on the profile, but this isn‚Äôt a priority. Thumbs up from me and 5 stars.",5,A brilliant app,0.35,0.5769230769230769,positive,1000+ swim workouts,0.96070546
"Finally a swim app that looks great and provides superb workouts. The recent addition of the swims and sprints feature has been very well received, and keeps you motivated to archive a goal distance. It would be fun to have additional functions like ‚Äúcreate your own workout‚Äù or ‚Äòrandom workout‚Äô. 

Overall, I am extremely impressed with the app and the integration with apple watch, functionally it is great. Having some extra metrics would be cool and badges on the profile, but this isn‚Äôt a priority. Thumbs up from me and 5 stars.",5,A brilliant app,0.35,0.5769230769230769,positive,technique video library,0.34218884
"Finally a swim app that looks great and provides superb workouts. The recent addition of the swims and sprints feature has been very well received, and keeps you motivated to archive a goal distance. It would be fun to have additional functions like ‚Äúcreate your own workout‚Äù or ‚Äòrandom workout‚Äô. 

Overall, I am extremely impressed with the app and the integration with apple watch, functionally it is great. Having some extra metrics would be cool and badges on the profile, but this isn‚Äôt a priority. Thumbs up from me and 5 stars.",5,A brilliant app,0.35,0.5769230769230769,positive,apple health,0.5148278
"Finally a swim app that looks great and provides superb workouts. The recent addition of the swims and sprints feature has been very well received, and keeps you motivated to archive a goal distance. It would be fun to have additional functions like ‚Äúcreate your own workout‚Äù or ‚Äòrandom workout‚Äô. 

Overall, I am extremely impressed with the app and the integration with apple watch, functionally it is great. Having some extra metrics would be cool and badges on the profile, but this isn‚Äôt a priority. Thumbs up from me and 5 stars.",5,A brilliant app,0.35,0.5769230769230769,positive,nutrition,0.32424983
"Finally a swim app that looks great and provides superb workouts. The recent addition of the swims and sprints feature has been very well received, and keeps you motivated to archive a goal distance. It would be fun to have additional functions like ‚Äúcreate your own workout‚Äù or ‚Äòrandom workout‚Äô. 

Overall, I am extremely impressed with the app and the integration with apple watch, functionally it is great. Having some extra metrics would be cool and badges on the profile, but this isn‚Äôt a priority. Thumbs up from me and 5 stars.",5,A brilliant app,0.35,0.5769230769230769,positive,track your swims,0.808707
"Finally a swim app that looks great and provides superb workouts. The recent addition of the swims and sprints feature has been very well received, and keeps you motivated to archive a goal distance. It would be fun to have additional functions like ‚Äúcreate your own workout‚Äù or ‚Äòrandom workout‚Äô. 

Overall, I am extremely impressed with the app and the integration with apple watch, functionally it is great. Having some extra metrics would be cool and badges on the profile, but this isn‚Äôt a priority. Thumbs up from me and 5 stars.",5,A brilliant app,0.35,0.5769230769230769,positive,training statistics overview,0.31988195
"Positive: The coaching side seems ok and decent price compared to others. Needs Improvement: Watch app The watch up has a very basic screen in pool swim mode. Only distance, time, heart rate and calories. Split time can‚Äôt be changed while swimming, you are stuck with it when you begin, need to be chosen. No time/100m etc available. Apple fitness integration. Pool swim recorded as open water swim in Apple Fitness. No detail on splits / sets available in Apple fitness. Just distance and heart rate during swim. So integration not working too well. iPhone application Coaching section looks ok but I‚Äôve not tested it. There is only a high level summary available on swims: Distance, Duration, Pace (over whole session including rest), Calories, Average Heart Rate over whole session. So fairly useless to track how well one has done by set. Since I have a coach, cancelled subscription. Not useful for me.",2,"Watch app is very limited, integration apple fitness weak.",0.1384670231729055,0.4714483065953654,positive,personal AI coach,0.32577386
"Positive: The coaching side seems ok and decent price compared to others. Needs Improvement: Watch app The watch up has a very basic screen in pool swim mode. Only distance, time, heart rate and calories. Split time can‚Äôt be changed while swimming, you are stuck with it when you begin, need to be chosen. No time/100m etc available. Apple fitness integration. Pool swim recorded as open water swim in Apple Fitness. No detail on splits / sets available in Apple fitness. Just distance and heart rate during swim. So integration not working too well. iPhone application Coaching section looks ok but I‚Äôve not tested it. There is only a high level summary available on swims: Distance, Duration, Pace (over whole session including rest), Calories, Average Heart Rate over whole session. So fairly useless to track how well one has done by set. Since I have a coach, cancelled subscription. Not useful for me.",2,"Watch app is very limited, integration apple fitness weak.",0.1384670231729055,0.4714483065953654,positive,guided workouts,0.44118458
"Positive: The coaching side seems ok and decent price compared to others. Needs Improvement: Watch app The watch up has a very basic screen in pool swim mode. Only distance, time, heart rate and calories. Split time can‚Äôt be changed while swimming, you are stuck with it when you begin, need to be chosen. No time/100m etc available. Apple fitness integration. Pool swim recorded as open water swim in Apple Fitness. No detail on splits / sets available in Apple fitness. Just distance and heart rate during swim. So integration not working too well. iPhone application Coaching section looks ok but I‚Äôve not tested it. There is only a high level summary available on swims: Distance, Duration, Pace (over whole session including rest), Calories, Average Heart Rate over whole session. So fairly useless to track how well one has done by set. Since I have a coach, cancelled subscription. Not useful for me.",2,"Watch app is very limited, integration apple fitness weak.",0.1384670231729055,0.4714483065953654,positive,1000+ swim workouts,0.27756977
"Positive: The coaching side seems ok and decent price compared to others. Needs Improvement: Watch app The watch up has a very basic screen in pool swim mode. Only distance, time, heart rate and calories. Split time can‚Äôt be changed while swimming, you are stuck with it when you begin, need to be chosen. No time/100m etc available. Apple fitness integration. Pool swim recorded as open water swim in Apple Fitness. No detail on splits / sets available in Apple fitness. Just distance and heart rate during swim. So integration not working too well. iPhone application Coaching section looks ok but I‚Äôve not tested it. There is only a high level summary available on swims: Distance, Duration, Pace (over whole session including rest), Calories, Average Heart Rate over whole session. So fairly useless to track how well one has done by set. Since I have a coach, cancelled subscription. Not useful for me.",2,"Watch app is very limited, integration apple fitness weak.",0.1384670231729055,0.4714483065953654,positive,technique video library,0.9396312
"Positive: The coaching side seems ok and decent price compared to others. Needs Improvement: Watch app The watch up has a very basic screen in pool swim mode. Only distance, time, heart rate and calories. Split time can‚Äôt be changed while swimming, you are stuck with it when you begin, need to be chosen. No time/100m etc available. Apple fitness integration. Pool swim recorded as open water swim in Apple Fitness. No detail on splits / sets available in Apple fitness. Just distance and heart rate during swim. So integration not working too well. iPhone application Coaching section looks ok but I‚Äôve not tested it. There is only a high level summary available on swims: Distance, Duration, Pace (over whole session including rest), Calories, Average Heart Rate over whole session. So fairly useless to track how well one has done by set. Since I have a coach, cancelled subscription. Not useful for me.",2,"Watch app is very limited, integration apple fitness weak.",0.1384670231729055,0.4714483065953654,positive,apple health,0.8572936
"Positive: The coaching side seems ok and decent price compared to others. Needs Improvement: Watch app The watch up has a very basic screen in pool swim mode. Only distance, time, heart rate and calories. Split time can‚Äôt be changed while swimming, you are stuck with it when you begin, need to be chosen. No time/100m etc available. Apple fitness integration. Pool swim recorded as open water swim in Apple Fitness. No detail on splits / sets available in Apple fitness. Just distance and heart rate during swim. So integration not working too well. iPhone application Coaching section looks ok but I‚Äôve not tested it. There is only a high level summary available on swims: Distance, Duration, Pace (over whole session including rest), Calories, Average Heart Rate over whole session. So fairly useless to track how well one has done by set. Since I have a coach, cancelled subscription. Not useful for me.",2,"Watch app is very limited, integration apple fitness weak.",0.1384670231729055,0.4714483065953654,positive,nutrition,0.9459715
"Positive: The coaching side seems ok and decent price compared to others. Needs Improvement: Watch app The watch up has a very basic screen in pool swim mode. Only distance, time, heart rate and calories. Split time can‚Äôt be changed while swimming, you are stuck with it when you begin, need to be chosen. No time/100m etc available. Apple fitness integration. Pool swim recorded as open water swim in Apple Fitness. No detail on splits / sets available in Apple fitness. Just distance and heart rate during swim. So integration not working too well. iPhone application Coaching section looks ok but I‚Äôve not tested it. There is only a high level summary available on swims: Distance, Duration, Pace (over whole session including rest), Calories, Average Heart Rate over whole session. So fairly useless to track how well one has done by set. Since I have a coach, cancelled subscription. Not useful for me.",2,"Watch app is very limited, integration apple fitness weak.",0.1384670231729055,0.4714483065953654,positive,track your swims,0.58821166
"Positive: The coaching side seems ok and decent price compared to others. Needs Improvement: Watch app The watch up has a very basic screen in pool swim mode. Only distance, time, heart rate and calories. Split time can‚Äôt be changed while swimming, you are stuck with it when you begin, need to be chosen. No time/100m etc available. Apple fitness integration. Pool swim recorded as open water swim in Apple Fitness. No detail on splits / sets available in Apple fitness. Just distance and heart rate during swim. So integration not working too well. iPhone application Coaching section looks ok but I‚Äôve not tested it. There is only a high level summary available on swims: Distance, Duration, Pace (over whole session including rest), Calories, Average Heart Rate over whole session. So fairly useless to track how well one has done by set. Since I have a coach, cancelled subscription. Not useful for me.",2,"Watch app is very limited, integration apple fitness weak.",0.1384670231729055,0.4714483065953654,positive,training statistics overview,0.94745743
"This app is very easy to use. I love how you can send and sync workouts to your watch ‚Äì this can take a few tries, but I don‚Äôt fault DuoSwim for this since every phone-watch connected app has this problem. Swim workouts are tailored for all abilities from beginner swimmers to advanced. 

You can also log kick and drills on the apple watch when you choose an open goal swim, this is very useful to get the correct swim distance. Overall, a very promising app that has potential to be great! Great job guys! üèäüèäüëç",5,Great for all swimmers!,0.3177777777777777,0.5291666666666667,positive,personal AI coach,0.94544774
"This app is very easy to use. I love how you can send and sync workouts to your watch ‚Äì this can take a few tries, but I don‚Äôt fault DuoSwim for this since every phone-watch connected app has this problem. Swim workouts are tailored for all abilities from beginner swimmers to advanced. 

You can also log kick and drills on the apple watch when you choose an open goal swim, this is very useful to get the correct swim distance. Overall, a very promising app that has potential to be great! Great job guys! üèäüèäüëç",5,Great for all swimmers!,0.3177777777777777,0.5291666666666667,positive,guided workouts,0.8974164
"This app is very easy to use. I love how you can send and sync workouts to your watch ‚Äì this can take a few tries, but I don‚Äôt fault DuoSwim for this since every phone-watch connected app has this problem. Swim workouts are tailored for all abilities from beginner swimmers to advanced. 

You can also log kick and drills on the apple watch when you choose an open goal swim, this is very useful to get the correct swim distance. Overall, a very promising app that has potential to be great! Great job guys! üèäüèäüëç",5,Great for all swimmers!,0.3177777777777777,0.5291666666666667,positive,1000+ swim workouts,0.96070546
"This app is very easy to use. I love how you can send and sync workouts to your watch ‚Äì this can take a few tries, but I don‚Äôt fault DuoSwim for this since every phone-watch connected app has this problem. Swim workouts are tailored for all abilities from beginner swimmers to advanced. 

You can also log kick and drills on the apple watch when you choose an open goal swim, this is very useful to get the correct swim distance. Overall, a very promising app that has potential to be great! Great job guys! üèäüèäüëç",5,Great for all swimmers!,0.3177777777777777,0.5291666666666667,positive,technique video library,0.34218884
"This app is very easy to use. I love how you can send and sync workouts to your watch ‚Äì this can take a few tries, but I don‚Äôt fault DuoSwim for this since every phone-watch connected app has this problem. Swim workouts are tailored for all abilities from beginner swimmers to advanced. 

You can also log kick and drills on the apple watch when you choose an open goal swim, this is very useful to get the correct swim distance. Overall, a very promising app that has potential to be great! Great job guys! üèäüèäüëç",5,Great for all swimmers!,0.3177777777777777,0.5291666666666667,positive,apple health,0.5148278
"This app is very easy to use. I love how you can send and sync workouts to your watch ‚Äì this can take a few tries, but I don‚Äôt fault DuoSwim for this since every phone-watch connected app has this problem. Swim workouts are tailored for all abilities from beginner swimmers to advanced. 

You can also log kick and drills on the apple watch when you choose an open goal swim, this is very useful to get the correct swim distance. Overall, a very promising app that has potential to be great! Great job guys! üèäüèäüëç",5,Great for all swimmers!,0.3177777777777777,0.5291666666666667,positive,nutrition,0.32424983
"This app is very easy to use. I love how you can send and sync workouts to your watch ‚Äì this can take a few tries, but I don‚Äôt fault DuoSwim for this since every phone-watch connected app has this problem. Swim workouts are tailored for all abilities from beginner swimmers to advanced. 

You can also log kick and drills on the apple watch when you choose an open goal swim, this is very useful to get the correct swim distance. Overall, a very promising app that has potential to be great! Great job guys! üèäüèäüëç",5,Great for all swimmers!,0.3177777777777777,0.5291666666666667,positive,track your swims,0.808707
"This app is very easy to use. I love how you can send and sync workouts to your watch ‚Äì this can take a few tries, but I don‚Äôt fault DuoSwim for this since every phone-watch connected app has this problem. Swim workouts are tailored for all abilities from beginner swimmers to advanced. 

You can also log kick and drills on the apple watch when you choose an open goal swim, this is very useful to get the correct swim distance. Overall, a very promising app that has potential to be great! Great job guys! üèäüèäüëç",5,Great for all swimmers!,0.3177777777777777,0.5291666666666667,positive,training statistics overview,0.31988195
Perfect app. Used to love swimming but hadn‚Äôt regularly swam for many years. This app has helped me on a journey and I now look forward to my regular swims 3 times a week. Im working through the training plans and love the ease of recording sessions and the regular updates. Well done highly recommended to anyone wanting to get back in the pool or for those wanting professional detailed sessions.,5,Got me back into the pool - loving it !!,0.2872727272727273,0.3927972027972028,positive,personal AI coach,0.32577386
Perfect app. Used to love swimming but hadn‚Äôt regularly swam for many years. This app has helped me on a journey and I now look forward to my regular swims 3 times a week. Im working through the training plans and love the ease of recording sessions and the regular updates. Well done highly recommended to anyone wanting to get back in the pool or for those wanting professional detailed sessions.,5,Got me back into the pool - loving it !!,0.2872727272727273,0.3927972027972028,positive,guided workouts,0.44118458
Perfect app. Used to love swimming but hadn‚Äôt regularly swam for many years. This app has helped me on a journey and I now look forward to my regular swims 3 times a week. Im working through the training plans and love the ease of recording sessions and the regular updates. Well done highly recommended to anyone wanting to get back in the pool or for those wanting professional detailed sessions.,5,Got me back into the pool - loving it !!,0.2872727272727273,0.3927972027972028,positive,1000+ swim workouts,0.27756977
Perfect app. Used to love swimming but hadn‚Äôt regularly swam for many years. This app has helped me on a journey and I now look forward to my regular swims 3 times a week. Im working through the training plans and love the ease of recording sessions and the regular updates. Well done highly recommended to anyone wanting to get back in the pool or for those wanting professional detailed sessions.,5,Got me back into the pool - loving it !!,0.2872727272727273,0.3927972027972028,positive,technique video library,0.9396312
Perfect app. Used to love swimming but hadn‚Äôt regularly swam for many years. This app has helped me on a journey and I now look forward to my regular swims 3 times a week. Im working through the training plans and love the ease of recording sessions and the regular updates. Well done highly recommended to anyone wanting to get back in the pool or for those wanting professional detailed sessions.,5,Got me back into the pool - loving it !!,0.2872727272727273,0.3927972027972028,positive,apple health,0.8572936
Perfect app. Used to love swimming but hadn‚Äôt regularly swam for many years. This app has helped me on a journey and I now look forward to my regular swims 3 times a week. Im working through the training plans and love the ease of recording sessions and the regular updates. Well done highly recommended to anyone wanting to get back in the pool or for those wanting professional detailed sessions.,5,Got me back into the pool - loving it !!,0.2872727272727273,0.3927972027972028,positive,nutrition,0.9459715
Perfect app. Used to love swimming but hadn‚Äôt regularly swam for many years. This app has helped me on a journey and I now look forward to my regular swims 3 times a week. Im working through the training plans and love the ease of recording sessions and the regular updates. Well done highly recommended to anyone wanting to get back in the pool or for those wanting professional detailed sessions.,5,Got me back into the pool - loving it !!,0.2872727272727273,0.3927972027972028,positive,track your swims,0.58821166
Perfect app. Used to love swimming but hadn‚Äôt regularly swam for many years. This app has helped me on a journey and I now look forward to my regular swims 3 times a week. Im working through the training plans and love the ease of recording sessions and the regular updates. Well done highly recommended to anyone wanting to get back in the pool or for those wanting professional detailed sessions.,5,Got me back into the pool - loving it !!,0.2872727272727273,0.3927972027972028,positive,training statistics overview,0.94745743
"After trying a few apps for my swimming, the DuoSwim app is my favourite and less complicated to use than others. Honestly, I don‚Äôt find any issues with this app personally and like how new features are added regularly. Well done guys!",5,Best swimming app,-0.0186147186147186,0.4140193140193141,negative,personal AI coach,0.95036256
"After trying a few apps for my swimming, the DuoSwim app is my favourite and less complicated to use than others. Honestly, I don‚Äôt find any issues with this app personally and like how new features are added regularly. Well done guys!",5,Best swimming app,-0.0186147186147186,0.4140193140193141,negative,guided workouts,0.90411806
"After trying a few apps for my swimming, the DuoSwim app is my favourite and less complicated to use than others. Honestly, I don‚Äôt find any issues with this app personally and like how new features are added regularly. Well done guys!",5,Best swimming app,-0.0186147186147186,0.4140193140193141,negative,1000+ swim workouts,0.9648746
"After trying a few apps for my swimming, the DuoSwim app is my favourite and less complicated to use than others. Honestly, I don‚Äôt find any issues with this app personally and like how new features are added regularly. Well done guys!",5,Best swimming app,-0.0186147186147186,0.4140193140193141,negative,technique video library,0.35664877
"After trying a few apps for my swimming, the DuoSwim app is my favourite and less complicated to use than others. Honestly, I don‚Äôt find any issues with this app personally and like how new features are added regularly. Well done guys!",5,Best swimming app,-0.0186147186147186,0.4140193140193141,negative,apple health,0.5279965
"After trying a few apps for my swimming, the DuoSwim app is my favourite and less complicated to use than others. Honestly, I don‚Äôt find any issues with this app personally and like how new features are added regularly. Well done guys!",5,Best swimming app,-0.0186147186147186,0.4140193140193141,negative,nutrition,0.33880973
"After trying a few apps for my swimming, the DuoSwim app is my favourite and less complicated to use than others. Honestly, I don‚Äôt find any issues with this app personally and like how new features are added regularly. Well done guys!",5,Best swimming app,-0.0186147186147186,0.4140193140193141,negative,track your swims,0.81768817
"After trying a few apps for my swimming, the DuoSwim app is my favourite and less complicated to use than others. Honestly, I don‚Äôt find any issues with this app personally and like how new features are added regularly. Well done guys!",5,Best swimming app,-0.0186147186147186,0.4140193140193141,negative,training statistics overview,0.33446532
"This is the first app I have found where I can have access to a variety of training sessions that I can follow to improve my swimming. The range of drills used in the sessions keeps it interesting.  A great addition to the app is the videos, this is perfect for visualising and learning skills. The training journey enables me to track my progress and the attention to detail to ensure you can see results is amazing. I love that there is inspiration for nutrition with recipes to try too! I recommend for anyone wanting to improve their swimming in any capacity.",5,Amazing tool for swim training,0.6291666666666667,0.6805555555555555,positive,personal AI coach,0.32577386
"This is the first app I have found where I can have access to a variety of training sessions that I can follow to improve my swimming. The range of drills used in the sessions keeps it interesting.  A great addition to the app is the videos, this is perfect for visualising and learning skills. The training journey enables me to track my progress and the attention to detail to ensure you can see results is amazing. I love that there is inspiration for nutrition with recipes to try too! I recommend for anyone wanting to improve their swimming in any capacity.",5,Amazing tool for swim training,0.6291666666666667,0.6805555555555555,positive,guided workouts,0.44118458
"This is the first app I have found where I can have access to a variety of training sessions that I can follow to improve my swimming. The range of drills used in the sessions keeps it interesting.  A great addition to the app is the videos, this is perfect for visualising and learning skills. The training journey enables me to track my progress and the attention to detail to ensure you can see results is amazing. I love that there is inspiration for nutrition with recipes to try too! I recommend for anyone wanting to improve their swimming in any capacity.",5,Amazing tool for swim training,0.6291666666666667,0.6805555555555555,positive,1000+ swim workouts,0.27756977
"This is the first app I have found where I can have access to a variety of training sessions that I can follow to improve my swimming. The range of drills used in the sessions keeps it interesting.  A great addition to the app is the videos, this is perfect for visualising and learning skills. The training journey enables me to track my progress and the attention to detail to ensure you can see results is amazing. I love that there is inspiration for nutrition with recipes to try too! I recommend for anyone wanting to improve their swimming in any capacity.",5,Amazing tool for swim training,0.6291666666666667,0.6805555555555555,positive,technique video library,0.9396312
"This is the first app I have found where I can have access to a variety of training sessions that I can follow to improve my swimming. The range of drills used in the sessions keeps it interesting.  A great addition to the app is the videos, this is perfect for visualising and learning skills. The training journey enables me to track my progress and the attention to detail to ensure you can see results is amazing. I love that there is inspiration for nutrition with recipes to try too! I recommend for anyone wanting to improve their swimming in any capacity.",5,Amazing tool for swim training,0.6291666666666667,0.6805555555555555,positive,apple health,0.8572936
"This is the first app I have found where I can have access to a variety of training sessions that I can follow to improve my swimming. The range of drills used in the sessions keeps it interesting.  A great addition to the app is the videos, this is perfect for visualising and learning skills. The training journey enables me to track my progress and the attention to detail to ensure you can see results is amazing. I love that there is inspiration for nutrition with recipes to try too! I recommend for anyone wanting to improve their swimming in any capacity.",5,Amazing tool for swim training,0.6291666666666667,0.6805555555555555,positive,nutrition,0.9459715
"This is the first app I have found where I can have access to a variety of training sessions that I can follow to improve my swimming. The range of drills used in the sessions keeps it interesting.  A great addition to the app is the videos, this is perfect for visualising and learning skills. The training journey enables me to track my progress and the attention to detail to ensure you can see results is amazing. I love that there is inspiration for nutrition with recipes to try too! I recommend for anyone wanting to improve their swimming in any capacity.",5,Amazing tool for swim training,0.6291666666666667,0.6805555555555555,positive,track your swims,0.58821166
"This is the first app I have found where I can have access to a variety of training sessions that I can follow to improve my swimming. The range of drills used in the sessions keeps it interesting.  A great addition to the app is the videos, this is perfect for visualising and learning skills. The training journey enables me to track my progress and the attention to detail to ensure you can see results is amazing. I love that there is inspiration for nutrition with recipes to try too! I recommend for anyone wanting to improve their swimming in any capacity.",5,Amazing tool for swim training,0.6291666666666667,0.6805555555555555,positive,training statistics overview,0.94745743
Very nice app not so complicated as others. I will start my journey from tomorrow. It might be nice if you add a pdf format for the workouts. Just a suggestion really. Also as a master swimmer I would appreciate some plans based on ages/ability etc. As I purchased the gold membership it would be nice to add some more options for the nutrition section and maybe some advise for dry land exercises before swimming? Well done very good job!,5,5 star App,0.3891666666666666,0.76,positive,personal AI coach,0.32577386
Very nice app not so complicated as others. I will start my journey from tomorrow. It might be nice if you add a pdf format for the workouts. Just a suggestion really. Also as a master swimmer I would appreciate some plans based on ages/ability etc. As I purchased the gold membership it would be nice to add some more options for the nutrition section and maybe some advise for dry land exercises before swimming? Well done very good job!,5,5 star App,0.3891666666666666,0.76,positive,guided workouts,0.44118458
Very nice app not so complicated as others. I will start my journey from tomorrow. It might be nice if you add a pdf format for the workouts. Just a suggestion really. Also as a master swimmer I would appreciate some plans based on ages/ability etc. As I purchased the gold membership it would be nice to add some more options for the nutrition section and maybe some advise for dry land exercises before swimming? Well done very good job!,5,5 star App,0.3891666666666666,0.76,positive,1000+ swim workouts,0.27756977
Very nice app not so complicated as others. I will start my journey from tomorrow. It might be nice if you add a pdf format for the workouts. Just a suggestion really. Also as a master swimmer I would appreciate some plans based on ages/ability etc. As I purchased the gold membership it would be nice to add some more options for the nutrition section and maybe some advise for dry land exercises before swimming? Well done very good job!,5,5 star App,0.3891666666666666,0.76,positive,technique video library,0.9396312
Very nice app not so complicated as others. I will start my journey from tomorrow. It might be nice if you add a pdf format for the workouts. Just a suggestion really. Also as a master swimmer I would appreciate some plans based on ages/ability etc. As I purchased the gold membership it would be nice to add some more options for the nutrition section and maybe some advise for dry land exercises before swimming? Well done very good job!,5,5 star App,0.3891666666666666,0.76,positive,apple health,0.8572936
Very nice app not so complicated as others. I will start my journey from tomorrow. It might be nice if you add a pdf format for the workouts. Just a suggestion really. Also as a master swimmer I would appreciate some plans based on ages/ability etc. As I purchased the gold membership it would be nice to add some more options for the nutrition section and maybe some advise for dry land exercises before swimming? Well done very good job!,5,5 star App,0.3891666666666666,0.76,positive,nutrition,0.9459715
Very nice app not so complicated as others. I will start my journey from tomorrow. It might be nice if you add a pdf format for the workouts. Just a suggestion really. Also as a master swimmer I would appreciate some plans based on ages/ability etc. As I purchased the gold membership it would be nice to add some more options for the nutrition section and maybe some advise for dry land exercises before swimming? Well done very good job!,5,5 star App,0.3891666666666666,0.76,positive,track your swims,0.58821166
Very nice app not so complicated as others. I will start my journey from tomorrow. It might be nice if you add a pdf format for the workouts. Just a suggestion really. Also as a master swimmer I would appreciate some plans based on ages/ability etc. As I purchased the gold membership it would be nice to add some more options for the nutrition section and maybe some advise for dry land exercises before swimming? Well done very good job!,5,5 star App,0.3891666666666666,0.76,positive,training statistics overview,0.94745743
"This app was exactly what I needed to start training more effectively and efficiently. I‚Äôve already started feeling more confident and motivated in the pool. 

The app is easy to use and it provides a wide variety of training plans and workouts with additional technique videos which are super helpful. 

I would highly recommend for anyone who is serious about swimming!",5,Just what I needed!,0.276,0.5990000000000001,positive,personal AI coach,0.33634612
"This app was exactly what I needed to start training more effectively and efficiently. I‚Äôve already started feeling more confident and motivated in the pool. 

The app is easy to use and it provides a wide variety of training plans and workouts with additional technique videos which are super helpful. 

I would highly recommend for anyone who is serious about swimming!",5,Just what I needed!,0.276,0.5990000000000001,positive,guided workouts,0.45121145
"This app was exactly what I needed to start training more effectively and efficiently. I‚Äôve already started feeling more confident and motivated in the pool. 

The app is easy to use and it provides a wide variety of training plans and workouts with additional technique videos which are super helpful. 

I would highly recommend for anyone who is serious about swimming!",5,Just what I needed!,0.276,0.5990000000000001,positive,1000+ swim workouts,0.28831598
"This app was exactly what I needed to start training more effectively and efficiently. I‚Äôve already started feeling more confident and motivated in the pool. 

The app is easy to use and it provides a wide variety of training plans and workouts with additional technique videos which are super helpful. 

I would highly recommend for anyone who is serious about swimming!",5,Just what I needed!,0.276,0.5990000000000001,positive,technique video library,0.9434061
"This app was exactly what I needed to start training more effectively and efficiently. I‚Äôve already started feeling more confident and motivated in the pool. 

The app is easy to use and it provides a wide variety of training plans and workouts with additional technique videos which are super helpful. 

I would highly recommend for anyone who is serious about swimming!",5,Just what I needed!,0.276,0.5990000000000001,positive,apple health,0.86300784
"This app was exactly what I needed to start training more effectively and efficiently. I‚Äôve already started feeling more confident and motivated in the pool. 

The app is easy to use and it provides a wide variety of training plans and workouts with additional technique videos which are super helpful. 

I would highly recommend for anyone who is serious about swimming!",5,Just what I needed!,0.276,0.5990000000000001,positive,nutrition,0.94954497
"This app was exactly what I needed to start training more effectively and efficiently. I‚Äôve already started feeling more confident and motivated in the pool. 

The app is easy to use and it provides a wide variety of training plans and workouts with additional technique videos which are super helpful. 

I would highly recommend for anyone who is serious about swimming!",5,Just what I needed!,0.276,0.5990000000000001,positive,track your swims,0.59723544
"This app was exactly what I needed to start training more effectively and efficiently. I‚Äôve already started feeling more confident and motivated in the pool. 

The app is easy to use and it provides a wide variety of training plans and workouts with additional technique videos which are super helpful. 

I would highly recommend for anyone who is serious about swimming!",5,Just what I needed!,0.276,0.5990000000000001,positive,training statistics overview,0.95098186
"I currently swim 2-3 times a week and this app is fantastic for allowing me to track, plan, and follow training plans that are perfect for me. The training videos really help to see visually what I should be doing and allow me to follow my progress as I love through the training plans. Fantastic advice on nutrition is a welcome bonus!",5,Brilliant Swimming App!,0.4374999999999999,0.6125,positive,personal AI coach,0.3354539
"I currently swim 2-3 times a week and this app is fantastic for allowing me to track, plan, and follow training plans that are perfect for me. The training videos really help to see visually what I should be doing and allow me to follow my progress as I love through the training plans. Fantastic advice on nutrition is a welcome bonus!",5,Brilliant Swimming App!,0.4374999999999999,0.6125,positive,guided workouts,0.4503659
"I currently swim 2-3 times a week and this app is fantastic for allowing me to track, plan, and follow training plans that are perfect for me. The training videos really help to see visually what I should be doing and allow me to follow my progress as I love through the training plans. Fantastic advice on nutrition is a welcome bonus!",5,Brilliant Swimming App!,0.4374999999999999,0.6125,positive,1000+ swim workouts,0.28740883
"I currently swim 2-3 times a week and this app is fantastic for allowing me to track, plan, and follow training plans that are perfect for me. The training videos really help to see visually what I should be doing and allow me to follow my progress as I love through the training plans. Fantastic advice on nutrition is a welcome bonus!",5,Brilliant Swimming App!,0.4374999999999999,0.6125,positive,technique video library,0.94309145
"I currently swim 2-3 times a week and this app is fantastic for allowing me to track, plan, and follow training plans that are perfect for me. The training videos really help to see visually what I should be doing and allow me to follow my progress as I love through the training plans. Fantastic advice on nutrition is a welcome bonus!",5,Brilliant Swimming App!,0.4374999999999999,0.6125,positive,apple health,0.8625289
"I currently swim 2-3 times a week and this app is fantastic for allowing me to track, plan, and follow training plans that are perfect for me. The training videos really help to see visually what I should be doing and allow me to follow my progress as I love through the training plans. Fantastic advice on nutrition is a welcome bonus!",5,Brilliant Swimming App!,0.4374999999999999,0.6125,positive,nutrition,0.9492475
"I currently swim 2-3 times a week and this app is fantastic for allowing me to track, plan, and follow training plans that are perfect for me. The training videos really help to see visually what I should be doing and allow me to follow my progress as I love through the training plans. Fantastic advice on nutrition is a welcome bonus!",5,Brilliant Swimming App!,0.4374999999999999,0.6125,positive,track your swims,0.59647536
"I currently swim 2-3 times a week and this app is fantastic for allowing me to track, plan, and follow training plans that are perfect for me. The training videos really help to see visually what I should be doing and allow me to follow my progress as I love through the training plans. Fantastic advice on nutrition is a welcome bonus!",5,Brilliant Swimming App!,0.4374999999999999,0.6125,positive,training statistics overview,0.9506885
"This app is quality, helping me build up my swimming skills and a lot cheaper than buying a coach every week that doesn‚Äôt even do as good a job. Fully recommend to anyone who wants to build endurance pace and swimming ability.",5,Amazing,0.4499999999999999,0.35,positive,personal AI coach,0.95038027
"This app is quality, helping me build up my swimming skills and a lot cheaper than buying a coach every week that doesn‚Äôt even do as good a job. Fully recommend to anyone who wants to build endurance pace and swimming ability.",5,Amazing,0.4499999999999999,0.35,positive,guided workouts,0.9041423
"This app is quality, helping me build up my swimming skills and a lot cheaper than buying a coach every week that doesn‚Äôt even do as good a job. Fully recommend to anyone who wants to build endurance pace and swimming ability.",5,Amazing,0.4499999999999999,0.35,positive,1000+ swim workouts,0.9648895
"This app is quality, helping me build up my swimming skills and a lot cheaper than buying a coach every week that doesn‚Äôt even do as good a job. Fully recommend to anyone who wants to build endurance pace and swimming ability.",5,Amazing,0.4499999999999999,0.35,positive,technique video library,0.35670182
"This app is quality, helping me build up my swimming skills and a lot cheaper than buying a coach every week that doesn‚Äôt even do as good a job. Fully recommend to anyone who wants to build endurance pace and swimming ability.",5,Amazing,0.4499999999999999,0.35,positive,apple health,0.52804476
"This app is quality, helping me build up my swimming skills and a lot cheaper than buying a coach every week that doesn‚Äôt even do as good a job. Fully recommend to anyone who wants to build endurance pace and swimming ability.",5,Amazing,0.4499999999999999,0.35,positive,nutrition,0.33886322
"This app is quality, helping me build up my swimming skills and a lot cheaper than buying a coach every week that doesn‚Äôt even do as good a job. Fully recommend to anyone who wants to build endurance pace and swimming ability.",5,Amazing,0.4499999999999999,0.35,positive,track your swims,0.81772083
"This app is quality, helping me build up my swimming skills and a lot cheaper than buying a coach every week that doesn‚Äôt even do as good a job. Fully recommend to anyone who wants to build endurance pace and swimming ability.",5,Amazing,0.4499999999999999,0.35,positive,training statistics overview,0.33451885
"I am so impressed with the variety of programs available to help guide my training. I believe in time being well spent in the pool, and DUO swim has captured a customised plan that has design according to my abilities and goals!",5,Fantastic customised swim training!,0.425,0.5,positive,personal AI coach,0.9511621
"I am so impressed with the variety of programs available to help guide my training. I believe in time being well spent in the pool, and DUO swim has captured a customised plan that has design according to my abilities and goals!",5,Fantastic customised swim training!,0.425,0.5,positive,guided workouts,0.9052173
"I am so impressed with the variety of programs available to help guide my training. I believe in time being well spent in the pool, and DUO swim has captured a customised plan that has design according to my abilities and goals!",5,Fantastic customised swim training!,0.425,0.5,positive,1000+ swim workouts,0.9655491
"I am so impressed with the variety of programs available to help guide my training. I believe in time being well spent in the pool, and DUO swim has captured a customised plan that has design according to my abilities and goals!",5,Fantastic customised swim training!,0.425,0.5,positive,technique video library,0.3590577
"I am so impressed with the variety of programs available to help guide my training. I believe in time being well spent in the pool, and DUO swim has captured a customised plan that has design according to my abilities and goals!",5,Fantastic customised swim training!,0.425,0.5,positive,apple health,0.53018564
"I am so impressed with the variety of programs available to help guide my training. I believe in time being well spent in the pool, and DUO swim has captured a customised plan that has design according to my abilities and goals!",5,Fantastic customised swim training!,0.425,0.5,positive,nutrition,0.34123582
"I am so impressed with the variety of programs available to help guide my training. I believe in time being well spent in the pool, and DUO swim has captured a customised plan that has design according to my abilities and goals!",5,Fantastic customised swim training!,0.425,0.5,positive,track your swims,0.81917053
"I am so impressed with the variety of programs available to help guide my training. I believe in time being well spent in the pool, and DUO swim has captured a customised plan that has design according to my abilities and goals!",5,Fantastic customised swim training!,0.425,0.5,positive,training statistics overview,0.3368954
I am an experienced swimmer and this app has still generated programmes to challenge at any level! The nutritional element is varied and sustainable! 100% worth every Penny!,5,The best swimming coach app!,0.6875,0.5,positive,personal AI coach,0.9520707
I am an experienced swimmer and this app has still generated programmes to challenge at any level! The nutritional element is varied and sustainable! 100% worth every Penny!,5,The best swimming coach app!,0.6875,0.5,positive,guided workouts,0.9064698
I am an experienced swimmer and this app has still generated programmes to challenge at any level! The nutritional element is varied and sustainable! 100% worth every Penny!,5,The best swimming coach app!,0.6875,0.5,positive,1000+ swim workouts,0.9663143
I am an experienced swimmer and this app has still generated programmes to challenge at any level! The nutritional element is varied and sustainable! 100% worth every Penny!,5,The best swimming coach app!,0.6875,0.5,positive,technique video library,0.3618157
I am an experienced swimmer and this app has still generated programmes to challenge at any level! The nutritional element is varied and sustainable! 100% worth every Penny!,5,The best swimming coach app!,0.6875,0.5,positive,apple health,0.5326902
I am an experienced swimmer and this app has still generated programmes to challenge at any level! The nutritional element is varied and sustainable! 100% worth every Penny!,5,The best swimming coach app!,0.6875,0.5,positive,nutrition,0.34401357
I am an experienced swimmer and this app has still generated programmes to challenge at any level! The nutritional element is varied and sustainable! 100% worth every Penny!,5,The best swimming coach app!,0.6875,0.5,positive,track your swims,0.82086277
I am an experienced swimmer and this app has still generated programmes to challenge at any level! The nutritional element is varied and sustainable! 100% worth every Penny!,5,The best swimming coach app!,0.6875,0.5,positive,training statistics overview,0.3396778
"Perfect app for me to start my training journey, easy to use and very helpful üôåüèº",5,Perfect app,0.5444444444444444,0.7111111111111111,positive,personal AI coach,0.81394744
"Perfect app for me to start my training journey, easy to use and very helpful üôåüèº",5,Perfect app,0.5444444444444444,0.7111111111111111,positive,guided workouts,0.880067
"Perfect app for me to start my training journey, easy to use and very helpful üôåüèº",5,Perfect app,0.5444444444444444,0.7111111111111111,positive,1000+ swim workouts,0.78354347
"Perfect app for me to start my training journey, easy to use and very helpful üôåüèº",5,Perfect app,0.5444444444444444,0.7111111111111111,positive,technique video library,0.96381366
"Perfect app for me to start my training journey, easy to use and very helpful üôåüèº",5,Perfect app,0.5444444444444444,0.7111111111111111,positive,apple health,0.99693775
"Perfect app for me to start my training journey, easy to use and very helpful üôåüèº",5,Perfect app,0.5444444444444444,0.7111111111111111,positive,nutrition,0.9585674
"Perfect app for me to start my training journey, easy to use and very helpful üôåüèº",5,Perfect app,0.5444444444444444,0.7111111111111111,positive,track your swims,0.94833004
"Perfect app for me to start my training journey, easy to use and very helpful üôåüèº",5,Perfect app,0.5444444444444444,0.7111111111111111,positive,training statistics overview,0.9572429
"Awesome app, great training schemes and graphics, easy to follow, brilliant",5,Duo app classy,0.7833333333333333,0.8958333333333334,positive,personal AI coach,0.3749253
"Awesome app, great training schemes and graphics, easy to follow, brilliant",5,Duo app classy,0.7833333333333333,0.8958333333333334,positive,guided workouts,0.48765725
"Awesome app, great training schemes and graphics, easy to follow, brilliant",5,Duo app classy,0.7833333333333333,0.8958333333333334,positive,1000+ swim workouts,0.32758802
"Awesome app, great training schemes and graphics, easy to follow, brilliant",5,Duo app classy,0.7833333333333333,0.8958333333333334,positive,technique video library,0.9562892
"Awesome app, great training schemes and graphics, easy to follow, brilliant",5,Duo app classy,0.7833333333333333,0.8958333333333334,positive,apple health,0.8831219
"Awesome app, great training schemes and graphics, easy to follow, brilliant",5,Duo app classy,0.7833333333333333,0.8958333333333334,positive,nutrition,0.9616796
"Awesome app, great training schemes and graphics, easy to follow, brilliant",5,Duo app classy,0.7833333333333333,0.8958333333333334,positive,track your swims,0.629828
"Awesome app, great training schemes and graphics, easy to follow, brilliant",5,Duo app classy,0.7833333333333333,0.8958333333333334,positive,training statistics overview,0.9629343
