content,score,polarity,subjectivity,sentiment
"Amazing app, amazing coach and superb courses. I am enjoying the app so much and it motivates me to go at least twice a week for swim. I find courses are very well made and help any aspiring swimmer at all levels. 
I used to swim but the coach had changed my swim style and technique so much and it improved my swimming endurance and skill to a great extent. 
Thank you for the wonderful service. The subscription is very well worth. In fact I would say you get lot more than you pay if you are persistent with the workouts and the courses",5,0.44615384615384623,0.5499999999999999,positive
Tried a few training apps for getting into swimming and this one is the best I‚Äôve seen. Tips are helpful and easy to understand,5,0.41111111111111115,0.41111111111111115,positive
"I have been trying to learn how to freestyle without a coach. After 50+ videos saying keep your elbows up, this is the 1st videos to actually SHOW you how to do it. Also the demonstrations OUT OF WATER are very helpful. I love the way this app and it‚Äôs videos are so helpful. I began my swimming with 27-28 strokes to get me across the pool. In 5 days with the help of this training, today I crossed the pool in 17-18 strokes. I‚Äôm impressed!",4,0.425,0.5,positive
"Great app! Simple as it is, works good for beginners and pros as well! Just download this app, find a pool and get that practice done!",5,0.6666666666666666,0.5690476190476191,positive
"They put me on 2 levels before champion but the workouts are way too easy. I also told the survey, I swim for 2 hrs and a minimum of 5000 yards. The training they give me is less than 2 hrs and WAY less than 5000 yards.",2,0.033333333333333354,0.32222222222222224,positive
Thank you guys. Appreciate your work.,5,0.0,0.0,neutral
"I love Swimup‚Äôs YouTube channel so I was really excited about their app. It‚Äôs a nice minimalistic app that‚Äôs simple and not complicated. But my biggest problem are the videos. Why isn‚Äôt there any sound in the videos for technique, drills, etc. I love Swimup‚Äôs YouTube videos because of the explanations. It‚Äôs very frustrating when I want to watch a video for technique and drills and there is no commentary. Due to that, the app unfortunately doesn‚Äôt live up to what the channel has proudly made themselves to be :/",3,0.1666433566433566,0.7370879120879121,positive
No voice tutorials makes these videos useless.,1,-0.5,0.2,negative
"I put my phone in a plastic bag to use this app. XD It's sleek and easy to use. I tried out the first 2 recommended workouts and liked them a lot, but now it won't generate any more and I don't have a subscription. Are there only 2 accessible workouts per mode without a subscription? Also some of the drill descriptions are hard to understand (in English). Not a huge problem but I'm not familiar with all the drills. (Edit: the videos are really helpful though!)",4,0.1571969696969697,0.5439393939393941,positive
"The app is decent, I am using it, but the behavior in regards to sales is terrible, I have bought an yearly subscription at a very markdown price. Normally this should have locked in my subscription, instead I was refunded the money and forced to pay again because of new pricing. Buying a subscription means that it should be respected, if it was sold at a low price to gain customers, it means you made a conscious choice to loose money on initial marketing and leads.",3,-0.062389277389277395,0.43404428904428893,negative
"They are a great service to sort out what you might want to train up for in the swimming pool, the next thing I'd appreciate is if they could make some dry-land workout routines I could follow.",5,0.4,0.375,positive
"A lot of potential and probably the best of the kind in many aspects, including usability. But it is very limited and it seems development is completely stagnant. No option to remove workouts, restart program, increase workout duration/length or chose which equipment you have. Also doesn't export/import from Garmin or Polar. Very disappointed. It would have so much potential if it wasn't abandoned...",2,0.11653439153439152,0.6123015873015873,positive
"Great suppport service. I was unable to use the app due to a mistaken ""connection issue"". They fixed it right away, and I'm now the happiest guy in the pool with my app.",5,0.11214285714285714,0.47214285714285714,positive
"The app is a great resource! But I'm only interested in the material, and not the device tracking features as I don't have one. Is it possible to make a cheaper plan to get access to all the resources?",5,0.3125,0.8125,positive
"An excellent app. I've been following Swimup on YouTube since it was first created. Pin point error correction, solutions and excelent effective training ideas on adult swimming. Program includes all basic and all advance levels and END and SPRT modes with using tools where necessary. I made my subscription on 2021 August 1st. I took many private lessons and group work so far, but I have never had such a rapid and effective development until now. You must try, time is valuable.",5,0.2625,0.5694444444444444,positive
"If only they got rid of those generic photos of that male swimmer from the start screen. And add some HD photos of Olympians, familiar faces for each category. This app would look immensely cleaner! Performance wise : the app won't save your work if you take a call or switch tabs from another app during your workout for some reason.",4,0.17916666666666667,0.5833333333333334,positive
"Would rate five stars if we had the option to select what equipment is available to us and tailor the workouts around that. Ex: not swimming in a pool so unable to do exercises based on pushing off the wall, etc. Also would like to be able to select less than 250m and less than 20 min on the set up questionnaire for complete beginners.",4,0.027777777777777787,0.3430555555555555,positive
"Very good content and presentation with clear explanations. The app experience could be a tiny bit more refined, but for what it does it's great. I use it in combination with Swim Coach.",4,0.462,0.5826666666666667,positive
Immediately impressed with the UI and build of the app. Excited to put in some work with this app.,5,0.6875,0.875,positive
"Great app so far, I just wish there was a way to reset your training plan and swim stats. I accidentally completed a workout I hadn't done yet, just wish I could undo those stats. Otherwise the app is super simple and dummy proof!",5,0.30833333333333335,0.6934523809523809,positive
"Subscription schemes to bleed customers dry ad infinitum are the only option offered to obtain the software's full functionality; there is no possibility to purchase the program once and for all. Consequently, this milkingware has been replaced with an alternative that can be bought instead of rented and was subsequently uninstalled.",2,0.07083333333333333,0.55,positive
Great swimming app. Just wish there were exercises for pull buoys and snorkel. Taking off a star and uninstalling because you can't choose which strokes you'd like to focus on or what equipment you have (I'd like pull buoy and snorkel exercises).,4,0.8,0.75,positive
"As a former swimmer with respectful results in junior competition in my country, i'm delighted by this phenomenal app! Now, i'm 33 years old and trying to rebuild my condition and maybe take part in veteran's competitions. This app is very helpful for me because it provides me daily with great workouts. Congratulations guys! One dilemma though - if i have for example 3x100m freestyle with 30 sec rest, does it means rest after each 100's or after i complete all 3? Thanks for answer in advance",5,0.27708333333333335,0.36250000000000004,positive
"For beginners who want to learn swim better with strictured plan and drills, this is the app! It helps me a lot of improving my swimming techniques in short of time. Thanks!",5,0.2916666666666667,0.3333333333333333,positive
"I wish I could print the exercises with more details. I started bringing my phone in a water bag and check the numbers in the pool, so I don't have to spend a lot of time memorizing them",4,0.5,0.5,positive
The videod keep loading without opening,1,0.0,0.0,neutral
Absolutely loving it so far! I used to swim competitively and am now coming back to swimming as a form of working out. Exactly what I was looking for.,5,0.24375,0.55,positive
"It's a superb app,covered up for all round skills and techniques...an easy way to improve with lesser time",5,0.30833333333333335,0.6833333333333333,positive
Coooooool. I like it but please improvise the ability to download the clips and use them when offline,5,0.0,0.0,neutral
This app did not meet my expectation. I have unsubscribed within a day and I am unable to get the refund.,1,-0.5,0.5,negative
"Excellent content, but - you must adding option for Android watches. Like garnim watch ( as competitors have ) . You have a lot users like my, with Android phones / watches, and this feature is necessary for exercises into the pool. Thank you !!",4,0.5,1.0,positive
"Good videos with proper techniques, can we download videos if we take subscription of the app",4,0.35,0.35000000000000003,positive
It makes me feel like I have a one on one personal trainer. I love this app and have recommend it to my friends.,5,0.25,0.44999999999999996,positive
"Excellent application, helped me lot for learning and improving swimimg",5,1.0,1.0,positive
"I make a subscription and app stop working , can't load anything eaven a free lesons",1,0.4,0.8,positive
Easy to use. Step by step guidance. The videos are very helpful.,5,0.31666666666666665,0.5666666666666667,positive
great for every swimmer,5,0.8,0.75,positive
Greate app but It is not available for samsung galaxy watch 4 classicüò•üëé,3,-0.2,0.4,negative
This app is awesome. They used a lot of effort to make this. Thank you very much,5,0.63,0.63,positive
I wish they explain that it's not free I can access few examples only,3,-0.13333333333333333,0.6333333333333333,negative
Best app i came ever across . My only regret is why i didn't know about this earlier üòÉ.,5,0.3333333333333333,0.6,positive
Super nice app and free of cost go for this appü§ó‚úå,5,0.4444444444444445,0.8222222222222223,positive
Nothing is free in this app,1,0.4,0.8,positive
Really helpful. Thanks,5,0.2,0.2,positive
Its a very very nice app,5,0.78,1.0,positive
Useful for us instructors,5,0.3,0.0,positive
Perfect swimming Technics,5,1.0,1.0,positive
Very nice app,5,0.78,1.0,positive
I love this app,5,0.5,0.6,positive
Best swimmg tactics.,5,1.0,0.3,positive
This app is very poor,1,-0.52,0.78,negative
Super supper supper supper supper,5,0.3333333333333333,0.6666666666666666,positive
Superb Tq Swimup,5,1.0,1.0,positive
very nice,5,0.78,1.0,positive
Good üëç,5,0.7,0.6000000000000001,positive
Not recommended,1,0.0,0.0,neutral
"Muy bueno, me sirve mucho para hacer entrenamiento y ejercitar",5,0.0,0.0,neutral
Very usefullüëè,5,0.2,0.3,positive
Excellent,5,1.0,1.0,positive
Perfect,5,1.0,1.0,positive
Super bro,5,0.3333333333333333,0.6666666666666666,positive
"–°–ø–∞—Å–∏–±–æ, –ø—Ä–∏–ª–æ–∂–µ–Ω–∏–µ–º –≥–µ–Ω–µ—Ä–∏—Ä—É–µ—Ç –∏–Ω—Ç–µ—Ä–µ—Å–Ω—ã–µ —Ç—Ä–µ–Ω–∏—Ä–æ–≤–∫–∏ —Å –¥–µ—Ç–∞–ª—å–Ω—ã–º –æ–ø–∏—Å–∞–Ω–∏–µ–º –∏ –≤–∏–¥–µ–æ –ø—Ä–∏–º–µ—Ä–∞–º–∏. –ï–¥–∏–Ω—Å—Ç–≤–µ–Ω–Ω–æ–µ, —á–µ–≥–æ –Ω–µ —Ö–≤–∞—Ç–∞–µ—Ç —Ç–∞–∫ —ç—Ç–æ –∏–∑–º–µ–Ω–µ–Ω–∏—è —è–∑—ã–∫–∞ –ø—Ä–∏–ª–æ–∂–µ–Ω–∏—è –≤ –Ω–∞—Å—Ç—Ä–æ–π–∫–∞—Ö. –û—á–µ–Ω—å –Ω–µ—É–¥–æ–±–Ω–æ –º–µ–Ω—è—Ç—å –∫–∞–∂–¥—ã–π —Ä–∞–∑ —è–∑—ã–∫–æ–≤—ã–µ –Ω–∞—Å—Ç—Ä–æ–π–∫–∏ —Ç–µ–ª–µ—Ñ–æ–Ω–∞. –ñ–¥—É —ç—Ç–æ–π –Ω–∞—Å—Ç—Ä–æ–π–∫–∏ :)",4,0.5,1.0,positive
"–°–ø–∞—Å–∏–±–æ, –æ—Ç–ª–∏—á–Ω–æ–µ –ø—Ä–∏–ª–æ–∂–µ–Ω–∏–µ –¥–ª—è —Ç—Ä–µ–Ω–∏—Ä–æ–≤–æ–∫. –ü—Ä–æ—Å—å–±–∞: –¥–æ–±–∞–≤—å—Ç–µ –≤ –Ω–∞—Å—Ç—Ä–æ–π–∫–∏ –ø–µ—Ä–µ–∫–ª—é—á–µ–Ω–∏–µ —è–∑—ã–∫–∞ –ø—Ä–∏–ª–æ–∂–µ–Ω–∏—è, —á—Ç–æ–±—ã –æ–Ω –Ω–µ –∑–∞–≤–∏—Å–µ–ª –æ—Ç —Å–∏—Å—Ç–µ–º–Ω—ã—Ö —è–∑—ã–∫–æ–≤—ã—Ö –Ω–∞—Å—Ç—Ä–æ–µ–∫ —Ç–µ–ª–µ—Ñ–æ–Ω–∞.",5,0.0,0.0,neutral
Nice app,5,0.6,1.0,positive
Very good,5,0.9099999999999999,0.7800000000000001,positive
Paid app,3,0.0,0.0,neutral
